user_id,country,segment
U001,US,consumer
U002,CA,pro
U003,UK,enterprise
U004,DE,consumer
U005,IN,pro
U006,US,enterprise
U007,CA,consumer
U008,UK,pro
U009,DE,enterprise
U010,IN,consumer
U011,US,pro
U012,CA,enterprise
U013,UK,consumer
U014,DE,pro
U015,IN,enterprise
U016,US,consumer
U017,CA,pro
U018,UK,enterprise
U019,DE,consumer
U020,IN,pro
U021,US,enterprise
U022,CA,consumer
U023,UK,pro
U024,DE,enterprise
U025,IN,consumer
U026,US,pro
U027,CA,enterprise
U028,UK,consumer
U029,DE,pro
U030,IN,enterprise
