event_id,user_id,event_type,amount_usd,event_ts
E0001,U002,click,3.25,2025-01-01 00:00:00
E0002,U003,purchase,6.5,2025-01-01 06:00:00
E0003,U004,view,9.75,2025-01-01 12:00:00
E0004,U005,add_cart,13.0,2025-01-01 18:00:00
E0005,U006,click,16.25,2025-01-02 00:00:00
E0006,U007,purchase,19.5,2025-01-02 06:00:00
E0007,U008,view,22.75,2025-01-02 12:00:00
E0008,U009,add_cart,26.0,2025-01-02 18:00:00
E0009,U010,click,29.25,2025-01-03 00:00:00
E0010,U011,purchase,32.5,2025-01-03 06:00:00
E0011,U012,view,35.75,2025-01-03 12:00:00
E0012,U013,add_cart,39.0,2025-01-03 18:00:00
E0013,U014,click,42.25,2025-01-04 00:00:00
E0014,U015,purchase,45.5,2025-01-04 06:00:00
E0015,U016,view,48.75,2025-01-04 12:00:00
E0016,U017,add_cart,52.0,2025-01-04 18:00:00
E0017,U018,click,0.0,2025-01-05 00:00:00
E0018,U019,purchase,3.25,2025-01-05 06:00:00
E0019,U020,view,6.5,2025-01-05 12:00:00
E0020,U021,add_cart,9.75,2025-01-05 18:00:00
E0021,U022,click,13.0,2025-01-06 00:00:00
E0022,U023,purchase,16.25,2025-01-06 06:00:00
E0023,U024,view,19.5,2025-01-06 12:00:00
E0024,U025,add_cart,22.75,2025-01-06 18:00:00
E0025,U026,click,26.0,2025-01-07 00:00:00
E0026,U027,purchase,29.25,2025-01-07 06:00:00
E0027,U028,view,32.5,2025-01-07 12:00:00
E0028,U029,add_cart,35.75,2025-01-07 18:00:00
E0029,U030,click,39.0,2025-01-08 00:00:00
E0030,U001,purchase,42.25,2025-01-08 06:00:00
E0031,U002,view,45.5,2025-01-08 12:00:00
E0032,U003,add_cart,48.75,2025-01-08 18:00:00
E0033,U004,click,52.0,2025-01-09 00:00:00
E0034,U005,purchase,0.0,2025-01-09 06:00:00
E0035,U006,view,3.25,2025-01-09 12:00:00
E0036,U007,add_cart,6.5,2025-01-09 18:00:00
E0037,U008,click,9.75,2025-01-10 00:00:00
E0038,U009,purchase,13.0,2025-01-10 06:00:00
E0039,U010,view,16.25,2025-01-10 12:00:00
E0040,U011,add_cart,19.5,2025-01-10 18:00:00
E0041,U012,click,22.75,2025-01-11 00:00:00
E0042,U013,purchase,26.0,2025-01-11 06:00:00
E0043,U014,view,29.25,2025-01-11 12:00:00
E0044,U015,add_cart,32.5,2025-01-11 18:00:00
E0045,U016,click,35.75,2025-01-12 00:00:00
E0046,U017,purchase,39.0,2025-01-12 06:00:00
E0047,U018,view,42.25,2025-01-12 12:00:00
E0048,U019,add_cart,45.5,2025-01-12 18:00:00
E0049,U020,click,48.75,2025-01-13 00:00:00
E0050,U021,purchase,52.0,2025-01-13 06:00:00
E0051,U022,view,0.0,2025-01-13 12:00:00
E0052,U023,add_cart,3.25,2025-01-13 18:00:00
E0053,U024,click,6.5,2025-01-14 00:00:00
E0054,U025,purchase,9.75,2025-01-14 06:00:00
E0055,U026,view,13.0,2025-01-14 12:00:00
E0056,U027,add_cart,16.25,2025-01-14 18:00:00
E0057,U028,click,19.5,2025-01-15 00:00:00
E0058,U029,purchase,22.75,2025-01-15 06:00:00
E0059,U030,view,26.0,2025-01-15 12:00:00
E0060,U001,add_cart,29.25,2025-01-15 18:00:00
E0061,U002,click,32.5,2025-01-16 00:00:00
E0062,U003,purchase,35.75,2025-01-16 06:00:00
E0063,U004,view,39.0,2025-01-16 12:00:00
E0064,U005,add_cart,42.25,2025-01-16 18:00:00
E0065,U006,click,45.5,2025-01-17 00:00:00
E0066,U007,purchase,48.75,2025-01-17 06:00:00
E0067,U008,view,52.0,2025-01-17 12:00:00
E0068,U009,add_cart,0.0,2025-01-17 18:00:00
E0069,U010,click,3.25,2025-01-18 00:00:00
E0070,U011,purchase,6.5,2025-01-18 06:00:00
E0071,U012,view,9.75,2025-01-18 12:00:00
E0072,U013,add_cart,13.0,2025-01-18 18:00:00
E0073,U014,click,16.25,2025-01-19 00:00:00
E0074,U015,purchase,19.5,2025-01-19 06:00:00
E0075,U016,view,22.75,2025-01-19 12:00:00
E0076,U017,add_cart,26.0,2025-01-19 18:00:00
E0077,U018,click,29.25,2025-01-20 00:00:00
E0078,U019,purchase,32.5,2025-01-20 06:00:00
E0079,U020,view,35.75,2025-01-20 12:00:00
E0080,U021,add_cart,39.0,2025-01-20 18:00:00
E0081,U022,click,42.25,2025-01-21 00:00:00
E0082,U023,purchase,45.5,2025-01-21 06:00:00
E0083,U024,view,48.75,2025-01-21 12:00:00
E0084,U025,add_cart,52.0,2025-01-21 18:00:00
E0085,U026,click,0.0,2025-01-22 00:00:00
E0086,U027,purchase,3.25,2025-01-22 06:00:00
E0087,U028,view,6.5,2025-01-22 12:00:00
E0088,U029,add_cart,9.75,2025-01-22 18:00:00
E0089,U030,click,13.0,2025-01-23 00:00:00
E0090,U001,purchase,16.25,2025-01-23 06:00:00
E0091,U002,view,19.5,2025-01-23 12:00:00
E0092,U003,add_cart,22.75,2025-01-23 18:00:00
E0093,U004,click,26.0,2025-01-24 00:00:00
E0094,U005,purchase,29.25,2025-01-24 06:00:00
E0095,U006,view,32.5,2025-01-24 12:00:00
E0096,U007,add_cart,35.75,2025-01-24 18:00:00
E0097,U008,click,39.0,2025-01-25 00:00:00
E0098,U009,purchase,42.25,2025-01-25 06:00:00
E0099,U010,view,45.5,2025-01-25 12:00:00
E0100,U011,add_cart,48.75,2025-01-25 18:00:00
E0101,U012,click,52.0,2025-01-26 00:00:00
E0102,U013,purchase,0.0,2025-01-26 06:00:00
E0103,U014,view,3.25,2025-01-26 12:00:00
E0104,U015,add_cart,6.5,2025-01-26 18:00:00
E0105,U016,click,9.75,2025-01-27 00:00:00
E0106,U017,purchase,13.0,2025-01-27 06:00:00
E0107,U018,view,16.25,2025-01-27 12:00:00
E0108,U019,add_cart,19.5,2025-01-27 18:00:00
E0109,U020,click,22.75,2025-01-28 00:00:00
E0110,U021,purchase,26.0,2025-01-28 06:00:00
E0111,U022,view,29.25,2025-01-28 12:00:00
E0112,U023,add_cart,32.5,2025-01-28 18:00:00
E0113,U024,click,35.75,2025-01-29 00:00:00
E0114,U025,purchase,39.0,2025-01-29 06:00:00
E0115,U026,view,42.25,2025-01-29 12:00:00
E0116,U027,add_cart,45.5,2025-01-29 18:00:00
E0117,U028,click,48.75,2025-01-30 00:00:00
E0118,U029,purchase,52.0,2025-01-30 06:00:00
E0119,U030,view,0.0,2025-01-30 12:00:00
E0120,U001,add_cart,3.25,2025-01-30 18:00:00
